performance_id,supplier_id,po_id,order_date,promised_date,actual_date,ordered_qty,received_qty,defect_qty,invoice_variance_pct
PERF-001,SUP-001,HIST-001,2026-05-01,2026-05-06,2026-05-06,300,300,1,0.000
PERF-002,SUP-001,HIST-002,2026-06-01,2026-06-06,2026-06-07,250,245,2,0.004
PERF-003,SUP-001,HIST-003,2026-07-10,2026-07-15,2026-07-15,500,500,0,0.000
PERF-004,SUP-001,HIST-004,2026-08-10,2026-08-15,2026-08-14,420,420,1,0.002
PERF-005,SUP-002,HIST-005,2026-05-03,2026-05-06,2026-05-06,300,300,0,0.000
PERF-006,SUP-002,HIST-006,2026-06-03,2026-06-06,2026-06-06,200,200,0,0.000
PERF-007,SUP-002,HIST-007,2026-07-12,2026-07-15,2026-07-15,450,445,1,0.001
PERF-008,SUP-002,HIST-008,2026-08-12,2026-08-15,2026-08-15,500,500,0,0.000
PERF-009,SUP-003,HIST-009,2026-05-01,2026-05-10,2026-05-14,300,260,8,0.030
PERF-010,SUP-003,HIST-010,2026-06-01,2026-06-10,2026-06-12,250,230,5,0.020
PERF-011,SUP-003,HIST-011,2026-07-01,2026-07-10,2026-07-13,400,360,9,0.035
PERF-012,SUP-003,HIST-012,2026-08-01,2026-08-10,2026-08-11,350,330,4,0.010
