timestamp,store_id,product_id,stock_on_hand,reserved,damaged,in_transit
2026-08-11T17:00:00,STORE-001,P001,10,0,1,0
2026-08-11T17:00:00,STORE-001,P002,7,1,0,0
2026-08-11T17:00:00,STORE-001,P003,18,0,0,0
2026-08-11T17:00:00,STORE-001,P004,50,0,0,0
2026-08-11T17:00:00,STORE-001,P005,35,0,0,0
2026-08-11T17:00:00,STORE-001,P006,22,0,0,0
2026-08-11T17:00:00,STORE-001,P007,40,0,2,0
2026-08-11T17:00:00,STORE-001,P008,25,0,0,0
2026-08-11T17:00:00,STORE-001,P009,55,0,0,0
2026-08-11T17:00:00,STORE-001,P010,80,0,0,0
2026-08-11T17:00:00,STORE-001,P011,15,0,0,0
2026-08-11T17:00:00,STORE-001,P012,45,0,0,0
2026-08-11T17:00:00,STORE-001,P013,50,0,0,0
2026-08-11T17:00:00,STORE-001,P014,9,1,1,0
2026-08-11T17:00:00,STORE-001,P015,20,0,0,0
2026-08-11T17:00:00,STORE-001,P016,8,1,0,0
2026-08-11T17:00:00,STORE-001,P017,42,0,0,0
2026-08-11T17:00:00,STORE-001,P018,38,0,0,0
2026-08-11T17:00:00,STORE-001,P019,70,0,0,0
2026-08-11T17:00:00,STORE-001,P020,100,0,0,0
2026-08-18T17:00:00,STORE-001,P001,1,0,1,0
2026-08-18T17:00:00,STORE-001,P002,0,1,0,0
2026-08-18T17:00:00,STORE-001,P003,14,0,0,0
2026-08-18T17:00:00,STORE-001,P004,47,0,0,0
2026-08-18T17:00:00,STORE-001,P005,32,0,0,0
2026-08-18T17:00:00,STORE-001,P006,20,0,0,0
2026-08-18T17:00:00,STORE-001,P007,37,0,2,0
2026-08-18T17:00:00,STORE-001,P008,23,0,0,0
2026-08-18T17:00:00,STORE-001,P009,50,0,0,0
2026-08-18T17:00:00,STORE-001,P010,74,0,0,0
2026-08-18T17:00:00,STORE-001,P011,14,0,0,0
2026-08-18T17:00:00,STORE-001,P012,43,0,0,0
2026-08-18T17:00:00,STORE-001,P013,48,0,0,0
2026-08-18T17:00:00,STORE-001,P014,7,1,1,0
2026-08-18T17:00:00,STORE-001,P015,19,0,0,0
2026-08-18T17:00:00,STORE-001,P016,5,1,0,0
2026-08-18T17:00:00,STORE-001,P017,41,0,0,0
2026-08-18T17:00:00,STORE-001,P018,36,0,0,0
2026-08-18T17:00:00,STORE-001,P019,66,0,0,0
2026-08-18T17:00:00,STORE-001,P020,92,0,0,0
2026-08-25T17:00:00,STORE-001,P001,0,0,1,0
2026-08-25T17:00:00,STORE-001,P002,0,1,0,0
2026-08-25T17:00:00,STORE-001,P003,10,0,0,0
2026-08-25T17:00:00,STORE-001,P004,44,0,0,0
2026-08-25T17:00:00,STORE-001,P005,28,0,0,0
2026-08-25T17:00:00,STORE-001,P006,17,0,0,0
2026-08-25T17:00:00,STORE-001,P007,34,0,2,0
2026-08-25T17:00:00,STORE-001,P008,21,0,0,0
2026-08-25T17:00:00,STORE-001,P009,45,0,0,0
2026-08-25T17:00:00,STORE-001,P010,68,0,0,0
2026-08-25T17:00:00,STORE-001,P011,12,0,0,0
2026-08-25T17:00:00,STORE-001,P012,41,0,0,0
2026-08-25T17:00:00,STORE-001,P013,46,0,0,0
2026-08-25T17:00:00,STORE-001,P014,4,1,1,0
2026-08-25T17:00:00,STORE-001,P015,17,0,0,0
2026-08-25T17:00:00,STORE-001,P016,2,1,0,0
2026-08-25T17:00:00,STORE-001,P017,39,0,0,0
2026-08-25T17:00:00,STORE-001,P018,34,0,0,0
2026-08-25T17:00:00,STORE-001,P019,62,0,0,0
2026-08-25T17:00:00,STORE-001,P020,84,0,0,0
2026-09-01T17:00:00,STORE-001,P001,0,0,1,0
2026-09-01T17:00:00,STORE-001,P002,0,1,0,0
2026-09-01T17:00:00,STORE-001,P003,6,0,0,0
2026-09-01T17:00:00,STORE-001,P004,41,0,0,0
2026-09-01T17:00:00,STORE-001,P005,25,0,0,0
2026-09-01T17:00:00,STORE-001,P006,15,0,0,0
2026-09-01T17:00:00,STORE-001,P007,31,0,2,0
2026-09-01T17:00:00,STORE-001,P008,19,0,0,0
2026-09-01T17:00:00,STORE-001,P009,40,0,0,0
2026-09-01T17:00:00,STORE-001,P010,62,0,0,0
2026-09-01T17:00:00,STORE-001,P011,11,0,0,0
2026-09-01T17:00:00,STORE-001,P012,39,0,0,0
2026-09-01T17:00:00,STORE-001,P013,44,0,0,0
2026-09-01T17:00:00,STORE-001,P014,2,1,1,0
2026-09-01T17:00:00,STORE-001,P015,16,0,0,0
2026-09-01T17:00:00,STORE-001,P016,0,1,0,0
2026-09-01T17:00:00,STORE-001,P017,38,0,0,0
2026-09-01T17:00:00,STORE-001,P018,32,0,0,0
2026-09-01T17:00:00,STORE-001,P019,58,0,0,0
2026-09-01T17:00:00,STORE-001,P020,76,0,0,0
2026-09-09T17:00:00,STORE-001,P001,0,0,1,0
2026-09-09T17:00:00,STORE-001,P002,2,1,0,0
2026-09-09T17:00:00,STORE-001,P003,2,0,0,0
2026-09-09T17:00:00,STORE-001,P004,38,0,0,20
2026-09-09T17:00:00,STORE-001,P005,21,0,0,0
2026-09-09T17:00:00,STORE-001,P006,12,0,0,15
2026-09-09T17:00:00,STORE-001,P007,28,0,2,0
2026-09-09T17:00:00,STORE-001,P008,17,0,0,0
2026-09-09T17:00:00,STORE-001,P009,35,0,0,0
2026-09-09T17:00:00,STORE-001,P010,56,0,0,0
2026-09-09T17:00:00,STORE-001,P011,9,0,0,0
2026-09-09T17:00:00,STORE-001,P012,37,0,0,0
2026-09-09T17:00:00,STORE-001,P013,42,0,0,0
2026-09-09T17:00:00,STORE-001,P014,3,1,1,12
2026-09-09T17:00:00,STORE-001,P015,14,0,0,0
2026-09-09T17:00:00,STORE-001,P016,2,1,0,0
2026-09-09T17:00:00,STORE-001,P017,36,0,0,0
2026-09-09T17:00:00,STORE-001,P018,35,0,0,0
2026-09-09T17:00:00,STORE-001,P019,54,0,0,0
2026-09-09T17:00:00,STORE-001,P020,68,0,0,30
