movement_id,product_id,type,qty,timestamp,reference
M0001,P001,RECEIPT,60,2026-08-11T08:00:00,PO-1001
M0002,P002,RECEIPT,50,2026-08-11T08:10:00,PO-1002
M0003,P003,RECEIPT,40,2026-08-11T08:20:00,PO-1003
M0004,P004,RECEIPT,80,2026-08-11T08:30:00,PO-1004
M0005,P005,RECEIPT,60,2026-08-11T08:40:00,PO-1005
M0006,P006,RECEIPT,50,2026-08-11T08:50:00,PO-1006
M0007,P007,RECEIPT,70,2026-08-11T09:00:00,PO-1007
M0008,P014,RECEIPT,25,2026-08-11T09:10:00,PO-1008
M0009,P016,RECEIPT,30,2026-08-11T09:20:00,PO-1009
M0010,P018,RECEIPT,50,2026-08-11T09:30:00,PO-1010
M0011,P020,RECEIPT,120,2026-08-11T09:40:00,PO-1011
M0012,P002,SALE,15,2026-08-12T12:00:00,T00021
M0013,P001,SALE,18,2026-08-12T13:00:00,T00001
M0014,P014,SALE,7,2026-08-15T14:00:00,T00014
M0015,P007,ADJUSTMENT,-2,2026-08-18T16:00:00,ADJ-001
M0016,P003,DAMAGE,-3,2026-08-20T16:30:00,DMG-001
M0017,P014,SALE,9,2026-08-25T12:00:00,T00281
M0018,P002,RECEIPT,20,2026-08-27T08:00:00,PO-1012
M0019,P002,SALE,18,2026-08-28T15:00:00,T00321
M0020,P014,ADJUSTMENT,-8,2026-08-29T16:00:00,ADJ-002
M0021,P016,SALE,10,2026-08-30T14:00:00,T00361
M0022,P018,ADJUSTMENT,-2,2026-09-01T16:00:00,ADJ-003
M0023,P005,SALE,200,2026-09-02T12:00:00,T00999
M0024,P005,RECEIPT,10,2026-09-03T08:00:00,PO-1099
M0025,P011,ADJUSTMENT,-25,2026-09-04T16:00:00,ADJ-004
