product_id,warehouse_id,quantity_on_hand,quantity_reserved,last_updated
P001,WH-MAIN,3,1,2026-09-08T10:00:00
P002,WH-MAIN,180,20,2026-09-08T10:00:00
P003,WH-MAIN,450,30,2026-09-08T10:00:00
P004,WH-MAIN,12,5,2026-09-08T10:00:00
P005,WH-MAIN,8,0,2026-09-08T10:00:00
P006,WH-MAIN,5,2,2026-09-08T10:00:00
P007,WH-MAIN,1,0,2026-09-08T10:00:00
P008,WH-MAIN,220,10,2026-09-08T10:00:00
P009,WH-MAIN,60,5,2026-09-08T10:00:00
P010,WH-MAIN,4,0,2026-09-08T10:00:00
P011,WH-MAIN,2,1,2026-09-08T10:00:00
P012,WH-MAIN,200,0,2026-09-08T10:00:00
P013,WH-MAIN,18,0,2026-09-08T10:00:00
P014,WH-MAIN,35,2,2026-09-08T10:00:00
P015,WH-MAIN,90,5,2026-09-08T10:00:00
P001,WH-EAST,2,0,2026-09-08T09:30:00
P004,WH-EAST,8,2,2026-09-08T09:30:00
P008,WH-EAST,80,5,2026-09-08T09:30:00
