transaction_id,timestamp,store_id,product_id,qty,unit_price,discount
T00001,2026-08-11T10:00:00,STORE-001,P001,17,22.99,0.0
T00002,2026-08-11T11:00:00,STORE-001,P002,15,31.99,0.0
T00003,2026-08-11T12:00:00,STORE-001,P003,9,54.99,0.0
T00004,2026-08-11T13:00:00,STORE-001,P004,8,69.99,0.0
T00005,2026-08-11T14:00:00,STORE-001,P005,5,42.99,0.0
T00006,2026-08-11T15:00:00,STORE-001,P006,4,62.99,0.0
T00007,2026-08-11T16:00:00,STORE-001,P007,6,15.99,0.0
T00008,2026-08-11T09:00:00,STORE-001,P008,5,27.99,0.0
T00009,2026-08-11T10:00:00,STORE-001,P009,12,14.99,0.0
T00010,2026-08-11T11:00:00,STORE-001,P010,10,19.99,0.0
T00011,2026-08-11T12:00:00,STORE-001,P011,2,69.99,0.0
T00012,2026-08-11T13:00:00,STORE-001,P012,4,79.99,0.0
T00013,2026-08-11T14:00:00,STORE-001,P013,5,89.99,0.0
T00014,2026-08-11T15:00:00,STORE-001,P014,7,94.99,0.0
T00015,2026-08-11T16:00:00,STORE-001,P015,1,44.99,0.0
T00016,2026-08-11T09:00:00,STORE-001,P016,5,36.99,0.0
T00017,2026-08-11T10:00:00,STORE-001,P017,3,39.99,0.0
T00018,2026-08-11T11:00:00,STORE-001,P018,5,49.99,0.0
T00019,2026-08-11T12:00:00,STORE-001,P019,10,12.99,0.0
T00020,2026-08-11T13:00:00,STORE-001,P020,14,9.99,0.0
T00021,2026-08-12T10:00:00,STORE-001,P001,19,22.99,0.0
T00022,2026-08-12T11:00:00,STORE-001,P002,17,31.99,0.0
T00023,2026-08-12T12:00:00,STORE-001,P003,6,54.99,0.0
T00024,2026-08-12T13:00:00,STORE-001,P004,5,69.99,0.0
T00025,2026-08-12T14:00:00,STORE-001,P005,7,42.99,0.0
T00026,2026-08-12T15:00:00,STORE-001,P006,6,62.99,0.0
T00027,2026-08-12T16:00:00,STORE-001,P007,8,15.99,0.0
T00028,2026-08-12T09:00:00,STORE-001,P008,2,27.99,0.0
T00029,2026-08-12T10:00:00,STORE-001,P009,9,14.99,0.0
T00030,2026-08-12T11:00:00,STORE-001,P010,12,19.99,0.0
T00031,2026-08-12T12:00:00,STORE-001,P011,4,69.99,0.0
T00032,2026-08-12T13:00:00,STORE-001,P012,6,79.99,0.0
T00033,2026-08-12T14:00:00,STORE-001,P013,2,89.99,0.0
T00034,2026-08-12T15:00:00,STORE-001,P014,4,94.99,0.0
T00035,2026-08-12T16:00:00,STORE-001,P015,3,44.99,0.0
T00036,2026-08-12T09:00:00,STORE-001,P016,7,36.99,0.0
T00037,2026-08-12T10:00:00,STORE-001,P017,5,39.99,0.0
T00038,2026-08-12T11:00:00,STORE-001,P018,2,49.99,0.0
T00039,2026-08-12T12:00:00,STORE-001,P019,7,12.99,0.0
T00040,2026-08-12T13:00:00,STORE-001,P020,16,9.99,0.0
T00041,2026-08-13T10:00:00,STORE-001,P001,16,22.99,0.0
T00042,2026-08-13T11:00:00,STORE-001,P002,14,31.99,0.0
T00043,2026-08-13T12:00:00,STORE-001,P003,8,54.99,0.0
T00044,2026-08-13T13:00:00,STORE-001,P004,7,69.99,0.0
T00045,2026-08-13T14:00:00,STORE-001,P005,9,42.99,0.0
T00046,2026-08-13T15:00:00,STORE-001,P006,3,62.99,0.0
T00047,2026-08-13T16:00:00,STORE-001,P007,5,15.99,0.0
T00048,2026-08-13T09:00:00,STORE-001,P008,4,27.99,0.0
T00049,2026-08-13T10:00:00,STORE-001,P009,11,14.99,0.0
T00050,2026-08-13T11:00:00,STORE-001,P010,14,19.99,0.0
T00051,2026-08-13T12:00:00,STORE-001,P011,1,69.99,0.0
T00052,2026-08-13T13:00:00,STORE-001,P012,3,79.99,0.0
T00053,2026-08-13T14:00:00,STORE-001,P013,4,89.99,0.0
T00054,2026-08-13T15:00:00,STORE-001,P014,6,94.99,0.0
T00055,2026-08-13T16:00:00,STORE-001,P015,5,44.99,0.0
T00056,2026-08-13T09:00:00,STORE-001,P016,4,36.99,0.0
T00057,2026-08-13T10:00:00,STORE-001,P017,2,39.99,0.0
T00058,2026-08-13T11:00:00,STORE-001,P018,4,49.99,0.0
T00059,2026-08-13T12:00:00,STORE-001,P019,9,12.99,0.0
T00060,2026-08-13T13:00:00,STORE-001,P020,18,9.99,0.0
T00061,2026-08-14T10:00:00,STORE-001,P001,18,22.99,0.0
T00062,2026-08-14T11:00:00,STORE-001,P002,16,31.99,0.0
T00063,2026-08-14T12:00:00,STORE-001,P003,10,54.99,0.0
T00064,2026-08-14T13:00:00,STORE-001,P004,4,69.99,0.0
T00065,2026-08-14T14:00:00,STORE-001,P005,6,42.99,0.0
T00066,2026-08-14T15:00:00,STORE-001,P006,5,62.99,0.0
T00067,2026-08-14T16:00:00,STORE-001,P007,7,15.99,0.0
T00068,2026-08-14T09:00:00,STORE-001,P008,6,27.99,0.0
T00069,2026-08-14T10:00:00,STORE-001,P009,8,14.99,0.0
T00070,2026-08-14T11:00:00,STORE-001,P010,11,19.99,0.0
T00071,2026-08-14T12:00:00,STORE-001,P011,3,69.99,0.0
T00072,2026-08-14T13:00:00,STORE-001,P012,5,79.99,0.0
T00073,2026-08-14T14:00:00,STORE-001,P013,6,89.99,0.0
T00074,2026-08-14T15:00:00,STORE-001,P014,3,94.99,0.0
T00075,2026-08-14T16:00:00,STORE-001,P015,2,44.99,0.0
T00076,2026-08-14T09:00:00,STORE-001,P016,6,36.99,0.0
T00077,2026-08-14T10:00:00,STORE-001,P017,4,39.99,0.0
T00078,2026-08-14T11:00:00,STORE-001,P018,6,49.99,0.0
T00079,2026-08-14T12:00:00,STORE-001,P019,6,12.99,0.0
T00080,2026-08-14T13:00:00,STORE-001,P020,15,9.99,0.0
T00081,2026-08-15T10:00:00,STORE-001,P001,26,22.99,0.0
T00082,2026-08-15T11:00:00,STORE-001,P002,18,31.99,0.0
T00083,2026-08-15T12:00:00,STORE-001,P003,10,54.99,0.0
T00084,2026-08-15T13:00:00,STORE-001,P004,8,69.99,0.0
T00085,2026-08-15T14:00:00,STORE-001,P005,10,42.99,0.0
T00086,2026-08-15T15:00:00,STORE-001,P006,9,62.99,0.0
T00087,2026-08-15T16:00:00,STORE-001,P007,6,15.99,0.0
T00088,2026-08-15T09:00:00,STORE-001,P008,4,27.99,0.0
T00089,2026-08-15T10:00:00,STORE-001,P009,14,14.99,0.0
T00090,2026-08-15T11:00:00,STORE-001,P010,17,19.99,0.0
T00091,2026-08-15T12:00:00,STORE-001,P011,6,69.99,0.0
T00092,2026-08-15T13:00:00,STORE-001,P012,3,79.99,0.0
T00093,2026-08-15T14:00:00,STORE-001,P013,4,89.99,0.0
T00094,2026-08-15T15:00:00,STORE-001,P014,7,94.99,0.0
T00095,2026-08-15T16:00:00,STORE-001,P015,5,44.99,0.0
T00096,2026-08-15T09:00:00,STORE-001,P016,10,36.99,0.0
T00097,2026-08-15T10:00:00,STORE-001,P017,2,39.99,0.0
T00098,2026-08-15T11:00:00,STORE-001,P018,4,49.99,0.0
T00099,2026-08-15T12:00:00,STORE-001,P019,11,12.99,0.0
T00100,2026-08-15T13:00:00,STORE-001,P020,23,9.99,0.0
T00101,2026-08-16T10:00:00,STORE-001,P001,23,22.99,0.0
T00102,2026-08-16T11:00:00,STORE-001,P002,20,31.99,0.0
T00103,2026-08-16T12:00:00,STORE-001,P003,12,54.99,0.0
T00104,2026-08-16T13:00:00,STORE-001,P004,10,69.99,0.0
T00105,2026-08-16T14:00:00,STORE-001,P005,7,42.99,0.0
T00106,2026-08-16T15:00:00,STORE-001,P006,6,62.99,0.0
T00107,2026-08-16T16:00:00,STORE-001,P007,8,15.99,0.0
T00108,2026-08-16T09:00:00,STORE-001,P008,6,27.99,0.0
T00109,2026-08-16T10:00:00,STORE-001,P009,16,14.99,0.0
T00110,2026-08-16T11:00:00,STORE-001,P010,14,19.99,0.0
T00111,2026-08-16T12:00:00,STORE-001,P011,3,69.99,0.0
T00112,2026-08-16T13:00:00,STORE-001,P012,5,79.99,0.0
T00113,2026-08-16T14:00:00,STORE-001,P013,6,89.99,0.0
T00114,2026-08-16T15:00:00,STORE-001,P014,9,94.99,0.0
T00115,2026-08-16T16:00:00,STORE-001,P015,2,44.99,0.0
T00116,2026-08-16T09:00:00,STORE-001,P016,7,36.99,0.0
T00117,2026-08-16T10:00:00,STORE-001,P017,4,39.99,0.0
T00118,2026-08-16T11:00:00,STORE-001,P018,6,49.99,0.0
T00119,2026-08-16T12:00:00,STORE-001,P019,13,12.99,0.0
T00120,2026-08-16T13:00:00,STORE-001,P020,20,9.99,0.0
T00121,2026-08-17T10:00:00,STORE-001,P001,19,22.99,0.0
T00122,2026-08-17T11:00:00,STORE-001,P002,17,31.99,0.0
T00123,2026-08-17T12:00:00,STORE-001,P003,6,54.99,0.0
T00124,2026-08-17T13:00:00,STORE-001,P004,5,69.99,0.0
T00125,2026-08-17T14:00:00,STORE-001,P005,7,42.99,0.0
T00126,2026-08-17T15:00:00,STORE-001,P006,6,62.99,0.0
T00127,2026-08-17T16:00:00,STORE-001,P007,8,15.99,0.0
T00128,2026-08-17T09:00:00,STORE-001,P008,2,27.99,0.0
T00129,2026-08-17T10:00:00,STORE-001,P009,9,14.99,0.0
T00130,2026-08-17T11:00:00,STORE-001,P010,12,19.99,0.0
T00131,2026-08-17T12:00:00,STORE-001,P011,4,69.99,0.0
T00132,2026-08-17T13:00:00,STORE-001,P012,6,79.99,0.0
T00133,2026-08-17T14:00:00,STORE-001,P013,2,89.99,0.0
T00134,2026-08-17T15:00:00,STORE-001,P014,4,94.99,0.0
T00135,2026-08-17T16:00:00,STORE-001,P015,3,44.99,0.0
T00136,2026-08-17T09:00:00,STORE-001,P016,7,36.99,0.0
T00137,2026-08-17T10:00:00,STORE-001,P017,5,39.99,0.0
T00138,2026-08-17T11:00:00,STORE-001,P018,2,49.99,0.0
T00139,2026-08-17T12:00:00,STORE-001,P019,7,12.99,0.0
T00140,2026-08-17T13:00:00,STORE-001,P020,16,9.99,0.0
T00141,2026-08-18T10:00:00,STORE-001,P001,16,22.99,0.0
T00142,2026-08-18T11:00:00,STORE-001,P002,14,31.99,0.0
T00143,2026-08-18T12:00:00,STORE-001,P003,8,54.99,0.0
T00144,2026-08-18T13:00:00,STORE-001,P004,7,69.99,0.0
T00145,2026-08-18T14:00:00,STORE-001,P005,9,42.99,0.0
T00146,2026-08-18T15:00:00,STORE-001,P006,3,62.99,0.0
T00147,2026-08-18T16:00:00,STORE-001,P007,5,15.99,0.0
T00148,2026-08-18T09:00:00,STORE-001,P008,4,27.99,0.0
T00149,2026-08-18T10:00:00,STORE-001,P009,11,14.99,0.0
T00150,2026-08-18T11:00:00,STORE-001,P010,14,19.99,0.0
T00151,2026-08-18T12:00:00,STORE-001,P011,1,69.99,0.0
T00152,2026-08-18T13:00:00,STORE-001,P012,3,79.99,0.0
T00153,2026-08-18T14:00:00,STORE-001,P013,4,89.99,0.0
T00154,2026-08-18T15:00:00,STORE-001,P014,6,94.99,0.0
T00155,2026-08-18T16:00:00,STORE-001,P015,5,44.99,0.0
T00156,2026-08-18T09:00:00,STORE-001,P016,4,36.99,0.0
T00157,2026-08-18T10:00:00,STORE-001,P017,2,39.99,0.0
T00158,2026-08-18T11:00:00,STORE-001,P018,4,49.99,0.0
T00159,2026-08-18T12:00:00,STORE-001,P019,9,12.99,0.0
T00160,2026-08-18T13:00:00,STORE-001,P020,18,9.99,0.0
T00161,2026-08-19T10:00:00,STORE-001,P001,18,22.99,0.0
T00162,2026-08-19T11:00:00,STORE-001,P002,16,31.99,0.0
T00163,2026-08-19T12:00:00,STORE-001,P003,10,54.99,0.0
T00164,2026-08-19T13:00:00,STORE-001,P004,4,69.99,0.0
T00165,2026-08-19T14:00:00,STORE-001,P005,6,42.99,0.0
T00166,2026-08-19T15:00:00,STORE-001,P006,5,62.99,0.0
T00167,2026-08-19T16:00:00,STORE-001,P007,7,15.99,0.0
T00168,2026-08-19T09:00:00,STORE-001,P008,6,27.99,0.0
T00169,2026-08-19T10:00:00,STORE-001,P009,8,14.99,0.0
T00170,2026-08-19T11:00:00,STORE-001,P010,11,19.99,0.0
T00171,2026-08-19T12:00:00,STORE-001,P011,3,69.99,0.0
T00172,2026-08-19T13:00:00,STORE-001,P012,5,79.99,0.0
T00173,2026-08-19T14:00:00,STORE-001,P013,6,89.99,0.0
T00174,2026-08-19T15:00:00,STORE-001,P014,3,94.99,0.0
T00175,2026-08-19T16:00:00,STORE-001,P015,2,44.99,0.0
T00176,2026-08-19T09:00:00,STORE-001,P016,6,36.99,0.0
T00177,2026-08-19T10:00:00,STORE-001,P017,4,39.99,0.0
T00178,2026-08-19T11:00:00,STORE-001,P018,6,49.99,0.0
T00179,2026-08-19T12:00:00,STORE-001,P019,6,12.99,0.0
T00180,2026-08-19T13:00:00,STORE-001,P020,15,9.99,0.0
T00181,2026-08-20T10:00:00,STORE-001,P001,20,22.99,0.0
T00182,2026-08-20T11:00:00,STORE-001,P002,13,31.99,0.0
T00183,2026-08-20T12:00:00,STORE-001,P003,7,54.99,0.0
T00184,2026-08-20T13:00:00,STORE-001,P004,6,69.99,0.0
T00185,2026-08-20T14:00:00,STORE-001,P005,8,42.99,0.0
T00186,2026-08-20T15:00:00,STORE-001,P006,7,62.99,0.0
T00187,2026-08-20T16:00:00,STORE-001,P007,4,15.99,0.0
T00188,2026-08-20T09:00:00,STORE-001,P008,3,27.99,0.0
T00189,2026-08-20T10:00:00,STORE-001,P009,10,14.99,0.0
T00190,2026-08-20T11:00:00,STORE-001,P010,13,19.99,0.0
T00191,2026-08-20T12:00:00,STORE-001,P011,5,69.99,0.0
T00192,2026-08-20T13:00:00,STORE-001,P012,2,79.99,0.0
T00193,2026-08-20T14:00:00,STORE-001,P013,3,89.99,0.0
T00194,2026-08-20T15:00:00,STORE-001,P014,5,94.99,0.0
T00195,2026-08-20T16:00:00,STORE-001,P015,4,44.99,0.0
T00196,2026-08-20T09:00:00,STORE-001,P016,8,36.99,0.0
T00197,2026-08-20T10:00:00,STORE-001,P017,1,39.99,0.0
T00198,2026-08-20T11:00:00,STORE-001,P018,3,49.99,0.0
T00199,2026-08-20T12:00:00,STORE-001,P019,8,12.99,0.0
T00200,2026-08-20T13:00:00,STORE-001,P020,17,9.99,0.0
T00201,2026-08-21T10:00:00,STORE-001,P001,17,22.99,0.0
T00202,2026-08-21T11:00:00,STORE-001,P002,15,31.99,0.0
T00203,2026-08-21T12:00:00,STORE-001,P003,9,54.99,0.0
T00204,2026-08-21T13:00:00,STORE-001,P004,8,69.99,0.0
T00205,2026-08-21T14:00:00,STORE-001,P005,5,42.99,0.0
T00206,2026-08-21T15:00:00,STORE-001,P006,4,62.99,0.0
T00207,2026-08-21T16:00:00,STORE-001,P007,6,15.99,0.0
T00208,2026-08-21T09:00:00,STORE-001,P008,5,27.99,0.0
T00209,2026-08-21T10:00:00,STORE-001,P009,12,14.99,0.0
T00210,2026-08-21T11:00:00,STORE-001,P010,10,19.99,0.0
T00211,2026-08-21T12:00:00,STORE-001,P011,2,69.99,0.0
T00212,2026-08-21T13:00:00,STORE-001,P012,4,79.99,0.0
T00213,2026-08-21T14:00:00,STORE-001,P013,5,89.99,0.0
T00214,2026-08-21T15:00:00,STORE-001,P014,7,94.99,0.0
T00215,2026-08-21T16:00:00,STORE-001,P015,1,44.99,0.0
T00216,2026-08-21T09:00:00,STORE-001,P016,5,36.99,0.0
T00217,2026-08-21T10:00:00,STORE-001,P017,3,39.99,0.0
T00218,2026-08-21T11:00:00,STORE-001,P018,5,49.99,0.0
T00219,2026-08-21T12:00:00,STORE-001,P019,10,12.99,0.0
T00220,2026-08-21T13:00:00,STORE-001,P020,14,9.99,0.0
T00221,2026-08-22T10:00:00,STORE-001,P001,25,22.99,0.0
T00222,2026-08-22T11:00:00,STORE-001,P002,22,31.99,0.0
T00223,2026-08-22T12:00:00,STORE-001,P003,9,54.99,0.0
T00224,2026-08-22T13:00:00,STORE-001,P004,7,69.99,0.0
T00225,2026-08-22T14:00:00,STORE-001,P005,9,42.99,0.0
T00226,2026-08-22T15:00:00,STORE-001,P006,8,62.99,0.0
T00227,2026-08-22T16:00:00,STORE-001,P007,10,15.99,0.0
T00228,2026-08-22T09:00:00,STORE-001,P008,3,27.99,0.0
T00229,2026-08-22T10:00:00,STORE-001,P009,13,14.99,0.0
T00230,2026-08-22T11:00:00,STORE-001,P010,16,19.99,0.0
T00231,2026-08-22T12:00:00,STORE-001,P011,5,69.99,0.0
T00232,2026-08-22T13:00:00,STORE-001,P012,7,79.99,0.0
T00233,2026-08-22T14:00:00,STORE-001,P013,3,89.99,0.0
T00234,2026-08-22T15:00:00,STORE-001,P014,6,94.99,0.0
T00235,2026-08-22T16:00:00,STORE-001,P015,4,44.99,0.0
T00236,2026-08-22T09:00:00,STORE-001,P016,9,36.99,0.0
T00237,2026-08-22T10:00:00,STORE-001,P017,6,39.99,0.0
T00238,2026-08-22T11:00:00,STORE-001,P018,3,49.99,0.0
T00239,2026-08-22T12:00:00,STORE-001,P019,10,12.99,0.0
T00240,2026-08-22T13:00:00,STORE-001,P020,22,9.99,0.0
T00241,2026-08-23T10:00:00,STORE-001,P001,22,22.99,0.0
T00242,2026-08-23T11:00:00,STORE-001,P002,19,31.99,0.0
T00243,2026-08-23T12:00:00,STORE-001,P003,11,54.99,0.0
T00244,2026-08-23T13:00:00,STORE-001,P004,9,69.99,0.0
T00245,2026-08-23T14:00:00,STORE-001,P005,11,42.99,0.0
T00246,2026-08-23T15:00:00,STORE-001,P006,5,62.99,0.0
T00247,2026-08-23T16:00:00,STORE-001,P007,7,15.99,0.0
T00248,2026-08-23T09:00:00,STORE-001,P008,5,27.99,0.0
T00249,2026-08-23T10:00:00,STORE-001,P009,15,14.99,0.0
T00250,2026-08-23T11:00:00,STORE-001,P010,18,19.99,0.0
T00251,2026-08-23T12:00:00,STORE-001,P011,2,69.99,0.0
T00252,2026-08-23T13:00:00,STORE-001,P012,4,79.99,0.0
T00253,2026-08-23T14:00:00,STORE-001,P013,5,89.99,0.0
T00254,2026-08-23T15:00:00,STORE-001,P014,8,94.99,0.0
T00255,2026-08-23T16:00:00,STORE-001,P015,6,44.99,0.0
T00256,2026-08-23T09:00:00,STORE-001,P016,6,36.99,0.0
T00257,2026-08-23T10:00:00,STORE-001,P017,3,39.99,0.0
T00258,2026-08-23T11:00:00,STORE-001,P018,5,49.99,0.0
T00259,2026-08-23T12:00:00,STORE-001,P019,12,12.99,0.0
T00260,2026-08-23T13:00:00,STORE-001,P020,24,9.99,0.0
T00261,2026-08-24T10:00:00,STORE-001,P001,18,22.99,0.0
T00262,2026-08-24T11:00:00,STORE-001,P002,16,31.99,0.0
T00263,2026-08-24T12:00:00,STORE-001,P003,10,54.99,0.0
T00264,2026-08-24T13:00:00,STORE-001,P004,4,69.99,0.0
T00265,2026-08-24T14:00:00,STORE-001,P005,6,42.99,0.0
T00266,2026-08-24T15:00:00,STORE-001,P006,5,62.99,0.0
T00267,2026-08-24T16:00:00,STORE-001,P007,7,15.99,0.0
T00268,2026-08-24T09:00:00,STORE-001,P008,6,27.99,0.0
T00269,2026-08-24T10:00:00,STORE-001,P009,8,14.99,0.0
T00270,2026-08-24T11:00:00,STORE-001,P010,11,19.99,0.0
T00271,2026-08-24T12:00:00,STORE-001,P011,3,69.99,0.0
T00272,2026-08-24T13:00:00,STORE-001,P012,5,79.99,0.0
T00273,2026-08-24T14:00:00,STORE-001,P013,6,89.99,0.0
T00274,2026-08-24T15:00:00,STORE-001,P014,3,94.99,0.0
T00275,2026-08-24T16:00:00,STORE-001,P015,2,44.99,0.0
T00276,2026-08-24T09:00:00,STORE-001,P016,6,36.99,0.0
T00277,2026-08-24T10:00:00,STORE-001,P017,4,39.99,0.0
T00278,2026-08-24T11:00:00,STORE-001,P018,6,49.99,0.0
T00279,2026-08-24T12:00:00,STORE-001,P019,6,12.99,0.0
T00280,2026-08-24T13:00:00,STORE-001,P020,15,9.99,0.0
T00281,2026-08-25T10:00:00,STORE-001,P001,20,22.99,0.0
T00282,2026-08-25T11:00:00,STORE-001,P002,13,31.99,0.0
T00283,2026-08-25T12:00:00,STORE-001,P003,7,54.99,0.0
T00284,2026-08-25T13:00:00,STORE-001,P004,6,69.99,0.0
T00285,2026-08-25T14:00:00,STORE-001,P005,8,42.99,0.0
T00286,2026-08-25T15:00:00,STORE-001,P006,7,62.99,0.0
T00287,2026-08-25T16:00:00,STORE-001,P007,4,15.99,0.0
T00288,2026-08-25T09:00:00,STORE-001,P008,3,27.99,0.0
T00289,2026-08-25T10:00:00,STORE-001,P009,10,14.99,0.0
T00290,2026-08-25T11:00:00,STORE-001,P010,13,19.99,0.0
T00291,2026-08-25T12:00:00,STORE-001,P011,5,69.99,0.0
T00292,2026-08-25T13:00:00,STORE-001,P012,2,79.99,0.0
T00293,2026-08-25T14:00:00,STORE-001,P013,3,89.99,0.0
T00294,2026-08-25T15:00:00,STORE-001,P014,5,94.99,0.0
T00295,2026-08-25T16:00:00,STORE-001,P015,4,44.99,0.0
T00296,2026-08-25T09:00:00,STORE-001,P016,8,36.99,0.0
T00297,2026-08-25T10:00:00,STORE-001,P017,1,39.99,0.0
T00298,2026-08-25T11:00:00,STORE-001,P018,3,49.99,0.0
T00299,2026-08-25T12:00:00,STORE-001,P019,8,12.99,0.0
T00300,2026-08-25T13:00:00,STORE-001,P020,17,9.99,0.0
T00301,2026-08-26T10:00:00,STORE-001,P001,17,22.99,0.0
T00302,2026-08-26T11:00:00,STORE-001,P002,15,31.99,0.0
T00303,2026-08-26T12:00:00,STORE-001,P003,9,54.99,0.0
T00304,2026-08-26T13:00:00,STORE-001,P004,8,69.99,0.0
T00305,2026-08-26T14:00:00,STORE-001,P005,5,42.99,0.0
T00306,2026-08-26T15:00:00,STORE-001,P006,4,62.99,0.0
T00307,2026-08-26T16:00:00,STORE-001,P007,6,15.99,0.0
T00308,2026-08-26T09:00:00,STORE-001,P008,5,27.99,0.0
T00309,2026-08-26T10:00:00,STORE-001,P009,12,14.99,0.0
T00310,2026-08-26T11:00:00,STORE-001,P010,10,19.99,0.0
T00311,2026-08-26T12:00:00,STORE-001,P011,2,69.99,0.0
T00312,2026-08-26T13:00:00,STORE-001,P012,4,79.99,0.0
T00313,2026-08-26T14:00:00,STORE-001,P013,5,89.99,0.0
T00314,2026-08-26T15:00:00,STORE-001,P014,7,94.99,0.0
T00315,2026-08-26T16:00:00,STORE-001,P015,1,44.99,0.0
T00316,2026-08-26T09:00:00,STORE-001,P016,5,36.99,0.0
T00317,2026-08-26T10:00:00,STORE-001,P017,3,39.99,0.0
T00318,2026-08-26T11:00:00,STORE-001,P018,5,49.99,0.0
T00319,2026-08-26T12:00:00,STORE-001,P019,10,12.99,0.0
T00320,2026-08-26T13:00:00,STORE-001,P020,14,9.99,0.0
T00321,2026-08-27T10:00:00,STORE-001,P001,19,22.99,0.0
T00322,2026-08-27T11:00:00,STORE-001,P002,17,31.99,0.0
T00323,2026-08-27T12:00:00,STORE-001,P003,6,54.99,0.0
T00324,2026-08-27T13:00:00,STORE-001,P004,5,69.99,0.0
T00325,2026-08-27T14:00:00,STORE-001,P005,7,42.99,0.0
T00326,2026-08-27T15:00:00,STORE-001,P006,6,62.99,0.0
T00327,2026-08-27T16:00:00,STORE-001,P007,8,15.99,0.0
T00328,2026-08-27T09:00:00,STORE-001,P008,2,27.99,0.0
T00329,2026-08-27T10:00:00,STORE-001,P009,9,14.99,0.0
T00330,2026-08-27T11:00:00,STORE-001,P010,12,19.99,0.0
T00331,2026-08-27T12:00:00,STORE-001,P011,4,69.99,0.0
T00332,2026-08-27T13:00:00,STORE-001,P012,6,79.99,0.0
T00333,2026-08-27T14:00:00,STORE-001,P013,2,89.99,0.0
T00334,2026-08-27T15:00:00,STORE-001,P014,4,94.99,0.0
T00335,2026-08-27T16:00:00,STORE-001,P015,3,44.99,0.0
T00336,2026-08-27T09:00:00,STORE-001,P016,7,36.99,0.0
T00337,2026-08-27T10:00:00,STORE-001,P017,3,39.99,0.0
T00338,2026-08-27T11:00:00,STORE-001,P018,1,49.99,0.0
T00339,2026-08-27T12:00:00,STORE-001,P019,7,12.99,0.0
T00340,2026-08-27T13:00:00,STORE-001,P020,16,9.99,0.0
T00341,2026-08-28T10:00:00,STORE-001,P001,16,22.99,0.0
T00342,2026-08-28T11:00:00,STORE-001,P002,14,31.99,0.0
T00343,2026-08-28T12:00:00,STORE-001,P003,8,54.99,0.0
T00344,2026-08-28T13:00:00,STORE-001,P004,7,69.99,0.0
T00345,2026-08-28T14:00:00,STORE-001,P005,9,42.99,0.0
T00346,2026-08-28T15:00:00,STORE-001,P006,3,62.99,0.0
T00347,2026-08-28T16:00:00,STORE-001,P007,5,15.99,0.0
T00348,2026-08-28T09:00:00,STORE-001,P008,4,27.99,0.0
T00349,2026-08-28T10:00:00,STORE-001,P009,11,14.99,0.0
T00350,2026-08-28T11:00:00,STORE-001,P010,14,19.99,0.0
T00351,2026-08-28T12:00:00,STORE-001,P011,1,69.99,0.0
T00352,2026-08-28T13:00:00,STORE-001,P012,3,79.99,0.0
T00353,2026-08-28T14:00:00,STORE-001,P013,4,89.99,0.0
T00354,2026-08-28T15:00:00,STORE-001,P014,6,94.99,0.0
T00355,2026-08-28T16:00:00,STORE-001,P015,5,44.99,0.0
T00356,2026-08-28T09:00:00,STORE-001,P016,4,36.99,0.0
T00357,2026-08-28T10:00:00,STORE-001,P017,1,39.99,0.0
T00358,2026-08-28T11:00:00,STORE-001,P018,2,49.99,0.0
T00359,2026-08-28T12:00:00,STORE-001,P019,9,12.99,0.0
T00360,2026-08-28T13:00:00,STORE-001,P020,18,9.99,0.0
T00361,2026-08-29T10:00:00,STORE-001,P001,24,22.99,0.0
T00362,2026-08-29T11:00:00,STORE-001,P002,21,31.99,0.0
T00363,2026-08-29T12:00:00,STORE-001,P003,13,54.99,0.0
T00364,2026-08-29T13:00:00,STORE-001,P004,6,69.99,0.0
T00365,2026-08-29T14:00:00,STORE-001,P005,8,42.99,0.0
T00366,2026-08-29T15:00:00,STORE-001,P006,7,62.99,0.0
T00367,2026-08-29T16:00:00,STORE-001,P007,9,15.99,0.0
T00368,2026-08-29T09:00:00,STORE-001,P008,7,27.99,0.0
T00369,2026-08-29T10:00:00,STORE-001,P009,12,14.99,0.0
T00370,2026-08-29T11:00:00,STORE-001,P010,15,19.99,0.0
T00371,2026-08-29T12:00:00,STORE-001,P011,4,69.99,0.0
T00372,2026-08-29T13:00:00,STORE-001,P012,6,79.99,0.0
T00373,2026-08-29T14:00:00,STORE-001,P013,7,89.99,0.0
T00374,2026-08-29T15:00:00,STORE-001,P014,5,94.99,0.0
T00375,2026-08-29T16:00:00,STORE-001,P015,3,44.99,0.0
T00376,2026-08-29T09:00:00,STORE-001,P016,8,36.99,0.0
T00377,2026-08-29T10:00:00,STORE-001,P017,3,39.99,0.0
T00378,2026-08-29T11:00:00,STORE-001,P018,4,49.99,0.0
T00379,2026-08-29T12:00:00,STORE-001,P019,9,12.99,0.0
T00380,2026-08-29T13:00:00,STORE-001,P020,21,9.99,0.0
T00381,2026-08-30T10:00:00,STORE-001,P001,26,22.99,0.0
T00382,2026-08-30T11:00:00,STORE-001,P002,18,31.99,0.0
T00383,2026-08-30T12:00:00,STORE-001,P003,10,54.99,0.0
T00384,2026-08-30T13:00:00,STORE-001,P004,8,69.99,0.0
T00385,2026-08-30T14:00:00,STORE-001,P005,10,42.99,0.0
T00386,2026-08-30T15:00:00,STORE-001,P006,9,62.99,0.0
T00387,2026-08-30T16:00:00,STORE-001,P007,6,15.99,0.0
T00388,2026-08-30T09:00:00,STORE-001,P008,4,27.99,0.0
T00389,2026-08-30T10:00:00,STORE-001,P009,14,14.99,0.0
T00390,2026-08-30T11:00:00,STORE-001,P010,17,19.99,0.0
T00391,2026-08-30T12:00:00,STORE-001,P011,6,69.99,0.0
T00392,2026-08-30T13:00:00,STORE-001,P012,3,79.99,0.0
T00393,2026-08-30T14:00:00,STORE-001,P013,4,89.99,0.0
T00394,2026-08-30T15:00:00,STORE-001,P014,7,94.99,0.0
T00395,2026-08-30T16:00:00,STORE-001,P015,5,44.99,0.0
T00396,2026-08-30T09:00:00,STORE-001,P016,10,36.99,0.0
T00397,2026-08-30T10:00:00,STORE-001,P017,1,39.99,0.0
T00398,2026-08-30T11:00:00,STORE-001,P018,2,49.99,0.0
T00399,2026-08-30T12:00:00,STORE-001,P019,11,12.99,0.0
T00400,2026-08-30T13:00:00,STORE-001,P020,23,9.99,0.0
T00401,2026-08-31T10:00:00,STORE-001,P001,17,22.99,0.0
T00402,2026-08-31T11:00:00,STORE-001,P002,15,31.99,0.0
T00403,2026-08-31T12:00:00,STORE-001,P003,9,54.99,0.0
T00404,2026-08-31T13:00:00,STORE-001,P004,8,69.99,0.0
T00405,2026-08-31T14:00:00,STORE-001,P005,5,42.99,0.0
T00406,2026-08-31T15:00:00,STORE-001,P006,4,62.99,0.0
T00407,2026-08-31T16:00:00,STORE-001,P007,6,15.99,0.0
T00408,2026-08-31T09:00:00,STORE-001,P008,5,27.99,0.0
T00409,2026-08-31T10:00:00,STORE-001,P009,12,14.99,0.0
T00410,2026-08-31T11:00:00,STORE-001,P010,10,19.99,0.0
T00411,2026-08-31T12:00:00,STORE-001,P011,2,69.99,0.0
T00412,2026-08-31T13:00:00,STORE-001,P012,4,79.99,0.0
T00413,2026-08-31T14:00:00,STORE-001,P013,5,89.99,0.0
T00414,2026-08-31T15:00:00,STORE-001,P014,7,94.99,0.0
T00415,2026-08-31T16:00:00,STORE-001,P015,1,44.99,0.0
T00416,2026-08-31T09:00:00,STORE-001,P016,5,36.99,0.0
T00417,2026-08-31T10:00:00,STORE-001,P017,2,39.99,0.0
T00418,2026-08-31T11:00:00,STORE-001,P018,3,49.99,0.0
T00419,2026-08-31T12:00:00,STORE-001,P019,10,12.99,0.0
T00420,2026-08-31T13:00:00,STORE-001,P020,14,9.99,0.0
T00421,2026-09-01T10:00:00,STORE-001,P001,19,22.99,0.0
T00422,2026-09-01T11:00:00,STORE-001,P002,17,31.99,0.0
T00423,2026-09-01T12:00:00,STORE-001,P003,6,54.99,0.0
T00424,2026-09-01T13:00:00,STORE-001,P004,5,69.99,0.0
T00425,2026-09-01T14:00:00,STORE-001,P005,7,42.99,0.0
T00426,2026-09-01T15:00:00,STORE-001,P006,6,62.99,0.0
T00427,2026-09-01T16:00:00,STORE-001,P007,8,15.99,0.0
T00428,2026-09-01T09:00:00,STORE-001,P008,2,27.99,0.0
T00429,2026-09-01T10:00:00,STORE-001,P009,9,14.99,0.0
T00430,2026-09-01T11:00:00,STORE-001,P010,12,19.99,0.0
T00431,2026-09-01T12:00:00,STORE-001,P011,4,69.99,0.0
T00432,2026-09-01T13:00:00,STORE-001,P012,6,79.99,0.0
T00433,2026-09-01T14:00:00,STORE-001,P013,2,89.99,0.0
T00434,2026-09-01T15:00:00,STORE-001,P014,5,94.99,0.0
T00435,2026-09-01T16:00:00,STORE-001,P015,3,44.99,0.0
T00436,2026-09-01T09:00:00,STORE-001,P016,7,36.99,0.0
T00437,2026-09-01T10:00:00,STORE-001,P017,3,39.99,0.0
T00438,2026-09-01T11:00:00,STORE-001,P018,1,49.99,0.0
T00439,2026-09-01T12:00:00,STORE-001,P019,7,12.99,0.0
T00440,2026-09-01T13:00:00,STORE-001,P020,16,9.99,0.0
T00441,2026-09-02T10:00:00,STORE-001,P001,16,22.99,0.0
T00442,2026-09-02T11:00:00,STORE-001,P002,14,31.99,0.0
T00443,2026-09-02T12:00:00,STORE-001,P003,8,54.99,0.0
T00444,2026-09-02T13:00:00,STORE-001,P004,7,69.99,0.0
T00445,2026-09-02T14:00:00,STORE-001,P005,9,42.99,0.0
T00446,2026-09-02T15:00:00,STORE-001,P006,3,62.99,0.0
T00447,2026-09-02T16:00:00,STORE-001,P007,5,15.99,0.0
T00448,2026-09-02T09:00:00,STORE-001,P008,4,27.99,0.0
T00449,2026-09-02T10:00:00,STORE-001,P009,11,14.99,0.0
T00450,2026-09-02T11:00:00,STORE-001,P010,14,19.99,0.0
T00451,2026-09-02T12:00:00,STORE-001,P011,1,69.99,0.0
T00452,2026-09-02T13:00:00,STORE-001,P012,3,79.99,0.0
T00453,2026-09-02T14:00:00,STORE-001,P013,4,89.99,0.0
T00454,2026-09-02T15:00:00,STORE-001,P014,8,94.99,0.0
T00455,2026-09-02T16:00:00,STORE-001,P015,5,44.99,0.0
T00456,2026-09-02T09:00:00,STORE-001,P016,4,36.99,0.0
T00457,2026-09-02T10:00:00,STORE-001,P017,1,39.99,0.0
T00458,2026-09-02T11:00:00,STORE-001,P018,2,49.99,0.0
T00459,2026-09-02T12:00:00,STORE-001,P019,9,12.99,0.0
T00460,2026-09-02T13:00:00,STORE-001,P020,18,9.99,0.0
T00461,2026-09-03T10:00:00,STORE-001,P001,18,22.99,0.0
T00462,2026-09-03T11:00:00,STORE-001,P002,16,31.99,0.0
T00463,2026-09-03T12:00:00,STORE-001,P003,10,54.99,0.0
T00464,2026-09-03T13:00:00,STORE-001,P004,4,69.99,0.0
T00465,2026-09-03T14:00:00,STORE-001,P005,6,42.99,0.0
T00466,2026-09-03T15:00:00,STORE-001,P006,5,62.99,0.0
T00467,2026-09-03T16:00:00,STORE-001,P007,7,15.99,0.0
T00468,2026-09-03T09:00:00,STORE-001,P008,6,27.99,0.0
T00469,2026-09-03T10:00:00,STORE-001,P009,8,14.99,0.0
T00470,2026-09-03T11:00:00,STORE-001,P010,11,19.99,0.0
T00471,2026-09-03T12:00:00,STORE-001,P011,3,69.99,0.0
T00472,2026-09-03T13:00:00,STORE-001,P012,5,79.99,0.0
T00473,2026-09-03T14:00:00,STORE-001,P013,6,89.99,0.0
T00474,2026-09-03T15:00:00,STORE-001,P014,4,94.99,0.0
T00475,2026-09-03T16:00:00,STORE-001,P015,2,44.99,0.0
T00476,2026-09-03T09:00:00,STORE-001,P016,6,36.99,0.0
T00477,2026-09-03T10:00:00,STORE-001,P017,2,39.99,0.0
T00478,2026-09-03T11:00:00,STORE-001,P018,3,49.99,0.0
T00479,2026-09-03T12:00:00,STORE-001,P019,6,12.99,0.0
T00480,2026-09-03T13:00:00,STORE-001,P020,15,9.99,0.0
T00481,2026-09-04T10:00:00,STORE-001,P001,20,22.99,0.0
T00482,2026-09-04T11:00:00,STORE-001,P002,13,31.99,0.0
T00483,2026-09-04T12:00:00,STORE-001,P003,7,54.99,0.0
T00484,2026-09-04T13:00:00,STORE-001,P004,6,69.99,0.0
T00485,2026-09-04T14:00:00,STORE-001,P005,8,42.99,0.0
T00486,2026-09-04T15:00:00,STORE-001,P006,7,62.99,0.0
T00487,2026-09-04T16:00:00,STORE-001,P007,4,15.99,0.0
T00488,2026-09-04T09:00:00,STORE-001,P008,3,27.99,0.0
T00489,2026-09-04T10:00:00,STORE-001,P009,10,14.99,0.0
T00490,2026-09-04T11:00:00,STORE-001,P010,13,19.99,0.0
T00491,2026-09-04T12:00:00,STORE-001,P011,5,69.99,0.0
T00492,2026-09-04T13:00:00,STORE-001,P012,2,79.99,0.0
T00493,2026-09-04T14:00:00,STORE-001,P013,3,89.99,0.0
T00494,2026-09-04T15:00:00,STORE-001,P014,7,94.99,0.0
T00495,2026-09-04T16:00:00,STORE-001,P015,4,44.99,0.0
T00496,2026-09-04T09:00:00,STORE-001,P016,8,36.99,0.0
T00497,2026-09-04T10:00:00,STORE-001,P017,1,39.99,0.0
T00498,2026-09-04T11:00:00,STORE-001,P018,2,49.99,0.0
T00499,2026-09-04T12:00:00,STORE-001,P019,8,12.99,0.0
T00500,2026-09-04T13:00:00,STORE-001,P020,17,9.99,0.0
T00501,2026-09-05T10:00:00,STORE-001,P001,28,22.99,0.0
T00502,2026-09-05T11:00:00,STORE-001,P002,24,31.99,0.0
T00503,2026-09-05T12:00:00,STORE-001,P003,14,54.99,0.0
T00504,2026-09-05T13:00:00,STORE-001,P004,12,69.99,0.0
T00505,2026-09-05T14:00:00,STORE-001,P005,9,42.99,0.0
T00506,2026-09-05T15:00:00,STORE-001,P006,7,62.99,0.0
T00507,2026-09-05T16:00:00,STORE-001,P007,10,15.99,0.0
T00508,2026-09-05T09:00:00,STORE-001,P008,7,27.99,0.0
T00509,2026-09-05T10:00:00,STORE-001,P009,18,14.99,0.0
T00510,2026-09-05T11:00:00,STORE-001,P010,17,19.99,0.0
T00511,2026-09-05T12:00:00,STORE-001,P011,4,69.99,0.0
T00512,2026-09-05T13:00:00,STORE-001,P012,6,79.99,0.0
T00513,2026-09-05T14:00:00,STORE-001,P013,7,89.99,0.0
T00514,2026-09-05T15:00:00,STORE-001,P014,14,94.99,0.0
T00515,2026-09-05T16:00:00,STORE-001,P015,3,44.99,0.0
T00516,2026-09-05T09:00:00,STORE-001,P016,9,36.99,0.0
T00517,2026-09-05T10:00:00,STORE-001,P017,3,39.99,0.0
T00518,2026-09-05T11:00:00,STORE-001,P018,4,49.99,0.0
T00519,2026-09-05T12:00:00,STORE-001,P019,15,12.99,0.0
T00520,2026-09-05T13:00:00,STORE-001,P020,24,9.99,0.0
T00521,2026-09-06T10:00:00,STORE-001,P001,30,22.99,0.0
T00522,2026-09-06T11:00:00,STORE-001,P002,26,31.99,0.0
T00523,2026-09-06T12:00:00,STORE-001,P003,11,54.99,0.0
T00524,2026-09-06T13:00:00,STORE-001,P004,9,69.99,0.0
T00525,2026-09-06T14:00:00,STORE-001,P005,11,42.99,0.0
T00526,2026-09-06T15:00:00,STORE-001,P006,9,62.99,0.0
T00527,2026-09-06T16:00:00,STORE-001,P007,12,15.99,0.0
T00528,2026-09-06T09:00:00,STORE-001,P008,4,27.99,0.0
T00529,2026-09-06T10:00:00,STORE-001,P009,15,14.99,0.0
T00530,2026-09-06T11:00:00,STORE-001,P010,19,19.99,0.0
T00531,2026-09-06T12:00:00,STORE-001,P011,6,69.99,0.0
T00532,2026-09-06T13:00:00,STORE-001,P012,8,79.99,0.0
T00533,2026-09-06T14:00:00,STORE-001,P013,4,89.99,0.0
T00534,2026-09-06T15:00:00,STORE-001,P014,9,94.99,0.0
T00535,2026-09-06T16:00:00,STORE-001,P015,5,44.99,0.0
T00536,2026-09-06T09:00:00,STORE-001,P016,11,36.99,0.0
T00537,2026-09-06T10:00:00,STORE-001,P017,4,39.99,0.0
T00538,2026-09-06T11:00:00,STORE-001,P018,2,49.99,0.0
T00539,2026-09-06T12:00:00,STORE-001,P019,12,12.99,0.0
T00540,2026-09-06T13:00:00,STORE-001,P020,26,9.99,0.0
T00541,2026-09-07T10:00:00,STORE-001,P001,20,22.99,0.0
T00542,2026-09-07T11:00:00,STORE-001,P002,17,31.99,0.0
T00543,2026-09-07T12:00:00,STORE-001,P003,10,54.99,0.0
T00544,2026-09-07T13:00:00,STORE-001,P004,8,69.99,0.0
T00545,2026-09-07T14:00:00,STORE-001,P005,10,42.99,0.0
T00546,2026-09-07T15:00:00,STORE-001,P006,4,62.99,0.0
T00547,2026-09-07T16:00:00,STORE-001,P007,6,15.99,0.0
T00548,2026-09-07T09:00:00,STORE-001,P008,5,27.99,0.0
T00549,2026-09-07T10:00:00,STORE-001,P009,13,14.99,0.0
T00550,2026-09-07T11:00:00,STORE-001,P010,16,19.99,0.0
T00551,2026-09-07T12:00:00,STORE-001,P011,2,69.99,0.0
T00552,2026-09-07T13:00:00,STORE-001,P012,4,79.99,0.0
T00553,2026-09-07T14:00:00,STORE-001,P013,5,89.99,0.0
T00554,2026-09-07T15:00:00,STORE-001,P014,9,94.99,0.0
T00555,2026-09-07T16:00:00,STORE-001,P015,6,44.99,0.0
T00556,2026-09-07T09:00:00,STORE-001,P016,5,36.99,0.0
T00557,2026-09-07T10:00:00,STORE-001,P017,2,39.99,0.0
T00558,2026-09-07T11:00:00,STORE-001,P018,3,49.99,0.0
T00559,2026-09-07T12:00:00,STORE-001,P019,11,12.99,0.0
T00560,2026-09-07T13:00:00,STORE-001,P020,21,9.99,0.0
T00561,2026-09-08T10:00:00,STORE-001,P001,22,22.99,0.0
T00562,2026-09-08T11:00:00,STORE-001,P002,19,31.99,0.0
T00563,2026-09-08T12:00:00,STORE-001,P003,12,54.99,0.0
T00564,2026-09-08T13:00:00,STORE-001,P004,5,69.99,0.0
T00565,2026-09-08T14:00:00,STORE-001,P005,7,42.99,0.0
T00566,2026-09-08T15:00:00,STORE-001,P006,6,62.99,0.0
T00567,2026-09-08T16:00:00,STORE-001,P007,8,15.99,0.0
T00568,2026-09-08T09:00:00,STORE-001,P008,7,27.99,0.0
T00569,2026-09-08T10:00:00,STORE-001,P009,10,14.99,0.0
T00570,2026-09-08T11:00:00,STORE-001,P010,13,19.99,0.0
T00571,2026-09-08T12:00:00,STORE-001,P011,4,69.99,0.0
T00572,2026-09-08T13:00:00,STORE-001,P012,6,79.99,0.0
T00573,2026-09-08T14:00:00,STORE-001,P013,7,89.99,0.0
T00574,2026-09-08T15:00:00,STORE-001,P014,5,94.99,0.0
T00575,2026-09-08T16:00:00,STORE-001,P015,3,44.99,0.0
T00576,2026-09-08T09:00:00,STORE-001,P016,7,36.99,0.0
T00577,2026-09-08T10:00:00,STORE-001,P017,3,39.99,0.0
T00578,2026-09-08T11:00:00,STORE-001,P018,4,49.99,0.0
T00579,2026-09-08T12:00:00,STORE-001,P019,8,12.99,0.0
T00580,2026-09-08T13:00:00,STORE-001,P020,18,9.99,0.0
T00581,2026-09-09T10:00:00,STORE-001,P001,24,22.99,0.0
T00582,2026-09-09T11:00:00,STORE-001,P002,16,31.99,0.0
T00583,2026-09-09T12:00:00,STORE-001,P003,9,54.99,0.0
T00584,2026-09-09T13:00:00,STORE-001,P004,7,69.99,0.0
T00585,2026-09-09T14:00:00,STORE-001,P005,9,42.99,0.0
T00586,2026-09-09T15:00:00,STORE-001,P006,8,62.99,0.0
T00587,2026-09-09T16:00:00,STORE-001,P007,5,15.99,0.0
T00588,2026-09-09T09:00:00,STORE-001,P008,4,27.99,0.0
T00589,2026-09-09T10:00:00,STORE-001,P009,12,14.99,0.0
T00590,2026-09-09T11:00:00,STORE-001,P010,15,19.99,0.0
T00591,2026-09-09T12:00:00,STORE-001,P011,6,69.99,0.0
T00592,2026-09-09T13:00:00,STORE-001,P012,3,79.99,0.0
T00593,2026-09-09T14:00:00,STORE-001,P013,4,89.99,0.0
T00594,2026-09-09T15:00:00,STORE-001,P014,8,94.99,0.0
T00595,2026-09-09T16:00:00,STORE-001,P015,5,44.99,0.0
T00596,2026-09-09T09:00:00,STORE-001,P016,9,36.99,0.0
T00597,2026-09-09T10:00:00,STORE-001,P017,1,39.99,0.0
T00598,2026-09-09T11:00:00,STORE-001,P018,2,49.99,0.0
T00599,2026-09-09T12:00:00,STORE-001,P019,10,12.99,0.0
T00600,2026-09-09T13:00:00,STORE-001,P020,20,9.99,0.0
